http://www.chemistwarehouse.com.au/category.asp?id=542&perPage=120&sortby=;Fragrances
http://www.chemistwarehouse.com.au/category.asp?id=676&perPage=120&sortby=;Nair
http://www.chemistwarehouse.com.au/category.asp?id=677&perPage=120&sortby=;Veet
http://www.chemistwarehouse.com.au/category.asp?id=786&perPage=120&sortby=;Waxaway
http://www.chemistwarehouse.com.au/category.asp?id=1013&perPage=120&sortby=;Waxeeze
http://www.chemistwarehouse.com.au/category.asp?id=1031&perPage=120&sortby=;Aveeno
http://www.chemistwarehouse.com.au/category.asp?id=561&perPage=120&sortby=;Avene
http://www.chemistwarehouse.com.au/category.asp?id=1818&perPage=120&sortby=;Byphasse
http://www.chemistwarehouse.com.au/category.asp?id=1955&perPage=120&sortby=;Caramance
http://www.chemistwarehouse.com.au/category.asp?id=1032&perPage=120&sortby=;Cetaphil
http://www.chemistwarehouse.com.au/category.asp?id=1018&perPage=120&sortby=;Clarins
http://www.chemistwarehouse.com.au/category.asp?id=1033&perPage=120&sortby=;DermaVeen
http://www.chemistwarehouse.com.au/category.asp?id=765&perPage=120&sortby=;Dove
http://www.chemistwarehouse.com.au/category.asp?id=1469&perPage=120&sortby=;Elucent
http://www.chemistwarehouse.com.au/category.asp?id=1020&perPage=120&sortby=;Enya
http://www.chemistwarehouse.com.au/category.asp?id=952&perPage=120&sortby=;Fruitworks
http://www.chemistwarehouse.com.au/category.asp?id=681&perPage=120&sortby=;Garnier
http://www.chemistwarehouse.com.au/category.asp?id=769&perPage=120&sortby=;Kosmea
http://www.chemistwarehouse.com.au/category.asp?id=763&perPage=120&sortby=;Lancome
http://www.chemistwarehouse.com.au/category.asp?id=649&perPage=120&sortby=;Natio
http://www.chemistwarehouse.com.au/category.asp?id=767&perPage=120&sortby=;NeoStrata
http://www.chemistwarehouse.com.au/category.asp?id=1873&perPage=120&sortby=;Neutrogena
http://www.chemistwarehouse.com.au/category.asp?id=683&perPage=120&sortby=;Nivea
http://www.chemistwarehouse.com.au/category.asp?id=684&perPage=120&sortby=;Olay
http://www.chemistwarehouse.com.au/category.asp?id=1026&perPage=120&sortby=;Ponds
http://www.chemistwarehouse.com.au/category.asp?id=1027&perPage=120&sortby=;Redwin
http://www.chemistwarehouse.com.au/category.asp?id=1961&perPage=120&sortby=;RosehipPLUS
http://www.chemistwarehouse.com.au/category.asp?id=766&perPage=120&sortby=;Simple
http://www.chemistwarehouse.com.au/category.asp?id=559&perPage=120&sortby=;SkinDoctors
http://www.chemistwarehouse.com.au/category.asp?id=902&perPage=120&sortby=;Sukin
http://www.chemistwarehouse.com.au/category.asp?id=1028&perPage=120&sortby=;Trilogy
http://www.chemistwarehouse.com.au/category.asp?id=747&perPage=120&sortby=;Vaseline
http://www.chemistwarehouse.com.au/category.asp?id=1023&perPage=120&sortby=;Swisspers
http://www.chemistwarehouse.com.au/category.asp?id=1515&perPage=120&sortby=;Aerius
http://www.chemistwarehouse.com.au/category.asp?id=1516&perPage=120&sortby=;Atrovent
http://www.chemistwarehouse.com.au/category.asp?id=1517&perPage=120&sortby=;Beconase
http://www.chemistwarehouse.com.au/category.asp?id=1518&perPage=120&sortby=;Bosistos
http://www.chemistwarehouse.com.au/category.asp?id=1520&perPage=120&sortby=;Claratyne
http://www.chemistwarehouse.com.au/category.asp?id=1521&perPage=120&sortby=;Dimetapp
http://www.chemistwarehouse.com.au/category.asp?id=1522&perPage=120&sortby=;Drixine
http://www.chemistwarehouse.com.au/category.asp?id=1523&perPage=120&sortby=;Fess
http://www.chemistwarehouse.com.au/category.asp?id=1524&perPage=120&sortby=;Flixonase
http://www.chemistwarehouse.com.au/category.asp?id=1525&perPage=120&sortby=;Flo
http://www.chemistwarehouse.com.au/category.asp?id=1527&perPage=120&sortby=;Livostin
http://www.chemistwarehouse.com.au/category.asp?id=1528&perPage=120&sortby=;Logicin
http://www.chemistwarehouse.com.au/category.asp?id=1529&perPage=120&sortby=;Narium
http://www.chemistwarehouse.com.au/category.asp?id=1530&perPage=120&sortby=;Nasodren
http://www.chemistwarehouse.com.au/category.asp?id=1532&perPage=120&sortby=;Otrivin
http://www.chemistwarehouse.com.au/category.asp?id=1533&perPage=120&sortby=;Sinoclear
http://www.chemistwarehouse.com.au/category.asp?id=1535&perPage=120&sortby=;Sudafed
http://www.chemistwarehouse.com.au/category.asp?id=1536&perPage=120&sortby=;Telfast
http://www.chemistwarehouse.com.au/category.asp?id=1538&perPage=120&sortby=;Zyrtec
http://www.chemistwarehouse.com.au/category.asp?id=196&perPage=120&sortby=;Analgesics
http://www.chemistwarehouse.com.au/category.asp?id=1038&perPage=120&sortby=;Advil
http://www.chemistwarehouse.com.au/category.asp?id=1039&perPage=120&sortby=;Aspalgin
http://www.chemistwarehouse.com.au/category.asp?id=1040&perPage=120&sortby=;Aspro
http://www.chemistwarehouse.com.au/category.asp?id=1041&perPage=120&sortby=;Disprin
http://www.chemistwarehouse.com.au/category.asp?id=1042&perPage=120&sortby=;Dymadon
http://www.chemistwarehouse.com.au/category.asp?id=1043&perPage=120&sortby=;Fiorinal
http://www.chemistwarehouse.com.au/category.asp?id=1044&perPage=120&sortby=;Herron
http://www.chemistwarehouse.com.au/category.asp?id=1045&perPage=120&sortby=;Mersyndol
http://www.chemistwarehouse.com.au/category.asp?id=1046&perPage=120&sortby=;Nurofen
http://www.chemistwarehouse.com.au/category.asp?id=1047&perPage=120&sortby=;Painstop
http://www.chemistwarehouse.com.au/category.asp?id=1048&perPage=120&sortby=;Panadeine
http://www.chemistwarehouse.com.au/category.asp?id=1049&perPage=120&sortby=;Panadol
http://www.chemistwarehouse.com.au/category.asp?id=1050&perPage=120&sortby=;Panamax
http://www.chemistwarehouse.com.au/category.asp?id=1051&perPage=120&sortby=;Voltaren
http://www.chemistwarehouse.com.au/category.asp?id=1399&perPage=120&sortby=;Warts
http://www.chemistwarehouse.com.au/category.asp?id=1858&perPage=120&sortby=;Codral
http://www.chemistwarehouse.com.au/category.asp?id=1859&perPage=120&sortby=;Demazin
http://www.chemistwarehouse.com.au/category.asp?id=1094&perPage=120&sortby=;Coughs
http://www.chemistwarehouse.com.au/category.asp?id=1214&perPage=120&sortby=;Benadryl
http://www.chemistwarehouse.com.au/category.asp?id=1215&perPage=120&sortby=;Betadine
http://www.chemistwarehouse.com.au/category.asp?id=1216&perPage=120&sortby=;Bisolvon
http://www.chemistwarehouse.com.au/category.asp?id=1217&perPage=120&sortby=;Cepacol
http://www.chemistwarehouse.com.au/category.asp?id=1218&perPage=120&sortby=;Difflam
http://www.chemistwarehouse.com.au/category.asp?id=1221&perPage=120&sortby=;Robitussin
http://www.chemistwarehouse.com.au/category.asp?id=1222&perPage=120&sortby=;Soothers
http://www.chemistwarehouse.com.au/category.asp?id=1223&perPage=120&sortby=;Strepfen
http://www.chemistwarehouse.com.au/category.asp?id=1224&perPage=120&sortby=;Strepsils
http://www.chemistwarehouse.com.au/category.asp?id=1225&perPage=120&sortby=;Vicks
http://www.chemistwarehouse.com.au/category.asp?id=1631&perPage=120&sortby=;Gastrolyte
http://www.chemistwarehouse.com.au/category.asp?id=1272&perPage=120&sortby=;Metamucil
http://www.chemistwarehouse.com.au/category.asp?id=502&perPage=120&sortby=;Antiseptics
http://www.chemistwarehouse.com.au/category.asp?id=1100&perPage=120&sortby=;Bodigrip
http://www.chemistwarehouse.com.au/category.asp?id=586&perPage=120&sortby=;Elastoplast
http://www.chemistwarehouse.com.au/category.asp?id=585&perPage=120&sortby=;Nexcare
http://www.chemistwarehouse.com.au/category.asp?id=178&perPage=120&sortby=;Haemorrhoids
http://www.chemistwarehouse.com.au/category.asp?id=1150&perPage=120&sortby=;Regaine
http://www.chemistwarehouse.com.au/category.asp?id=2000&perPage=120&sortby=;Pregaine
http://www.chemistwarehouse.com.au/category.asp?id=181&perPage=120&sortby=;Laxatives
http://www.chemistwarehouse.com.au/category.asp?id=1229&perPage=120&sortby=;Coloxyl
http://www.chemistwarehouse.com.au/category.asp?id=1227&perPage=120&sortby=;Dulcolax
http://www.chemistwarehouse.com.au/category.asp?id=1230&perPage=120&sortby=;Glycerol
http://www.chemistwarehouse.com.au/category.asp?id=1232&perPage=120&sortby=;Laxettes
http://www.chemistwarehouse.com.au/category.asp?id=1233&perPage=120&sortby=;Microlax
http://www.chemistwarehouse.com.au/category.asp?id=1234&perPage=120&sortby=;Movicol
http://www.chemistwarehouse.com.au/category.asp?id=1235&perPage=120&sortby=;Normacol
http://www.chemistwarehouse.com.au/category.asp?id=1236&perPage=120&sortby=;Nulax
http://www.chemistwarehouse.com.au/category.asp?id=1926&perPage=120&sortby=;VivaLAX
http://www.chemistwarehouse.com.au/category.asp?id=192&perPage=120&sortby=;Miscellaneous
http://www.chemistwarehouse.com.au/category.asp?id=186&perPage=120&sortby=;Sedatives
http://www.chemistwarehouse.com.au/category.asp?id=799&perPage=120&sortby=;Nicabate
http://www.chemistwarehouse.com.au/category.asp?id=800&perPage=120&sortby=;Nicorette
http://www.chemistwarehouse.com.au/category.asp?id=801&perPage=120&sortby=;Nicotinell
http://www.chemistwarehouse.com.au/category.asp?id=802&perPage=120&sortby=;QuitX
http://www.chemistwarehouse.com.au/category.asp?id=188&perPage=120&sortby=;Stimulants
http://www.chemistwarehouse.com.au/category.asp?id=1052&perPage=120&sortby=;Antacids
http://www.chemistwarehouse.com.au/category.asp?id=1228&perPage=120&sortby=;Buscopan
http://www.chemistwarehouse.com.au/category.asp?id=1240&perPage=120&sortby=;Eno
http://www.chemistwarehouse.com.au/category.asp?id=1241&perPage=120&sortby=;Gaviscon
http://www.chemistwarehouse.com.au/category.asp?id=1242&perPage=120&sortby=;Mintec
http://www.chemistwarehouse.com.au/category.asp?id=1243&perPage=120&sortby=;Mylanta
http://www.chemistwarehouse.com.au/category.asp?id=1245&perPage=120&sortby=;Rennies
http://www.chemistwarehouse.com.au/category.asp?id=1246&perPage=120&sortby=;Suvacid
http://www.chemistwarehouse.com.au/category.asp?id=1247&perPage=120&sortby=;Zantac
http://www.chemistwarehouse.com.au/category.asp?id=818&perPage=120&sortby=;Avent
http://www.chemistwarehouse.com.au/category.asp?id=822&perPage=120&sortby=;Medela
http://www.chemistwarehouse.com.au/category.asp?id=1210&perPage=120&sortby=;Nuby
http://www.chemistwarehouse.com.au/category.asp?id=821&perPage=120&sortby=;Pigeon
http://www.chemistwarehouse.com.au/category.asp?id=1388&perPage=120&sortby=;Cerelac
http://www.chemistwarehouse.com.au/category.asp?id=1389&perPage=120&sortby=;Farex
http://www.chemistwarehouse.com.au/category.asp?id=1390&perPage=120&sortby=;Raffertys
http://www.chemistwarehouse.com.au/category.asp?id=1592&perPage=120&sortby=;A2
http://www.chemistwarehouse.com.au/category.asp?id=958&perPage=120&sortby=;Aptamil
http://www.chemistwarehouse.com.au/category.asp?id=963&perPage=120&sortby=;Karicare
http://www.chemistwarehouse.com.au/category.asp?id=960&perPage=120&sortby=;NAN
http://www.chemistwarehouse.com.au/category.asp?id=964&perPage=120&sortby=;Neocate
http://www.chemistwarehouse.com.au/category.asp?id=965&perPage=120&sortby=;Novalac
http://www.chemistwarehouse.com.au/category.asp?id=1422&perPage=120&sortby=;SMA
http://www.chemistwarehouse.com.au/category.asp?id=969&perPage=120&sortby=;Babylove
http://www.chemistwarehouse.com.au/category.asp?id=970&perPage=120&sortby=;Huggies
http://www.chemistwarehouse.com.au/category.asp?id=971&perPage=120&sortby=;Snugglers
http://www.chemistwarehouse.com.au/category.asp?id=229&perPage=120&sortby=;Batteries
http://www.chemistwarehouse.com.au/category.asp?id=567&perPage=120&sortby=;Batteries
http://www.chemistwarehouse.com.au/category.asp?id=1183&perPage=120&sortby=;Deodorants
http://www.chemistwarehouse.com.au/category.asp?id=1112&perPage=120&sortby=;Carefree
http://www.chemistwarehouse.com.au/category.asp?id=1113&perPage=120&sortby=;Cottons
http://www.chemistwarehouse.com.au/category.asp?id=1116&perPage=120&sortby=;Libra
http://www.chemistwarehouse.com.au/category.asp?id=1117&perPage=120&sortby=;Moxie
http://www.chemistwarehouse.com.au/category.asp?id=1118&perPage=120&sortby=;Poise
http://www.chemistwarehouse.com.au/category.asp?id=1119&perPage=120&sortby=;Stayfree
http://www.chemistwarehouse.com.au/category.asp?id=1123&perPage=120&sortby=;Tampax
http://www.chemistwarehouse.com.au/category.asp?id=548&perPage=120&sortby=;Eulactol
http://www.chemistwarehouse.com.au/category.asp?id=1140&perPage=120&sortby=;Oapl
http://www.chemistwarehouse.com.au/category.asp?id=728&perPage=120&sortby=;Orthaheel
http://www.chemistwarehouse.com.au/category.asp?id=131&perPage=120&sortby=;Dandruff
http://www.chemistwarehouse.com.au/category.asp?id=136&perPage=120&sortby=;Colourants
http://www.chemistwarehouse.com.au/category.asp?id=847&perPage=120&sortby=;Batiste
http://www.chemistwarehouse.com.au/category.asp?id=1077&perPage=120&sortby=;Cedel
http://www.chemistwarehouse.com.au/category.asp?id=1254&perPage=120&sortby=;DermaVeen
http://www.chemistwarehouse.com.au/category.asp?id=849&perPage=120&sortby=;Dove
http://www.chemistwarehouse.com.au/category.asp?id=1080&perPage=120&sortby=;Ego
http://www.chemistwarehouse.com.au/category.asp?id=1081&perPage=120&sortby=;Enya
http://www.chemistwarehouse.com.au/category.asp?id=1082&perPage=120&sortby=;Goat
http://www.chemistwarehouse.com.au/category.asp?id=854&perPage=120&sortby=;Joico
http://www.chemistwarehouse.com.au/category.asp?id=856&perPage=120&sortby=;Klorane
http://www.chemistwarehouse.com.au/category.asp?id=857&perPage=120&sortby=;KMS
http://www.chemistwarehouse.com.au/category.asp?id=2003&perPage=120&sortby=;Lynx
http://www.chemistwarehouse.com.au/category.asp?id=910&perPage=120&sortby=;Napro
http://www.chemistwarehouse.com.au/category.asp?id=861&perPage=120&sortby=;Neutralice
http://www.chemistwarehouse.com.au/category.asp?id=1391&perPage=120&sortby=;Olivella
http://www.chemistwarehouse.com.au/category.asp?id=904&perPage=120&sortby=;Organix
http://www.chemistwarehouse.com.au/category.asp?id=1085&perPage=120&sortby=;Oscar
http://www.chemistwarehouse.com.au/category.asp?id=863&perPage=120&sortby=;Pantene
http://www.chemistwarehouse.com.au/category.asp?id=864&perPage=120&sortby=;Pears
http://www.chemistwarehouse.com.au/category.asp?id=866&perPage=120&sortby=;Redken
http://www.chemistwarehouse.com.au/category.asp?id=870&perPage=120&sortby=;Sunsilk
http://www.chemistwarehouse.com.au/category.asp?id=872&perPage=120&sortby=;Tresemme
http://www.chemistwarehouse.com.au/category.asp?id=1274&perPage=120&sortby=;Vitapointe
http://www.chemistwarehouse.com.au/category.asp?id=873&perPage=120&sortby=;VO5
http://www.chemistwarehouse.com.au/category.asp?id=1091&perPage=120&sortby=;Wella
http://www.chemistwarehouse.com.au/category.asp?id=1978&perPage=120&sortby=;Stratton
http://www.chemistwarehouse.com.au/category.asp?id=1126&perPage=120&sortby=;Accessories
http://www.chemistwarehouse.com.au/category.asp?id=1129&perPage=120&sortby=;Manicare
http://www.chemistwarehouse.com.au/category.asp?id=640&perPage=120&sortby=;Handwash
http://www.chemistwarehouse.com.au/category.asp?id=1127&perPage=120&sortby=;Soaps
http://www.chemistwarehouse.com.au/category.asp?id=1149&perPage=120&sortby=;Talc
http://www.chemistwarehouse.com.au/category.asp?id=792&perPage=120&sortby=;Household
http://www.chemistwarehouse.com.au/category.asp?id=1394&perPage=120&sortby=;Depend
http://www.chemistwarehouse.com.au/category.asp?id=1395&perPage=120&sortby=;Tena
http://www.chemistwarehouse.com.au/category.asp?id=1133&perPage=120&sortby=;Floss
http://www.chemistwarehouse.com.au/category.asp?id=1895&perPage=120&sortby=;Listerine
http://www.chemistwarehouse.com.au/category.asp?id=161&perPage=120&sortby=;Toothbrushes
http://www.chemistwarehouse.com.au/category.asp?id=91&perPage=120&sortby=;Condoms
http://www.chemistwarehouse.com.au/category.asp?id=1580&perPage=120&sortby=;Ansell
http://www.chemistwarehouse.com.au/category.asp?id=1581&perPage=120&sortby=;Durex
http://www.chemistwarehouse.com.au/category.asp?id=512&perPage=120&sortby=;Lubricants
http://www.chemistwarehouse.com.au/category.asp?id=1137&perPage=120&sortby=;Reef
http://www.chemistwarehouse.com.au/category.asp?id=1145&perPage=120&sortby=;Apex
http://www.chemistwarehouse.com.au/category.asp?id=806&perPage=120&sortby=;Omron
http://www.chemistwarehouse.com.au/category.asp?id=727&perPage=120&sortby=;Snoring
http://www.chemistwarehouse.com.au/category.asp?id=1886&perPage=120&sortby=;BodyAssist
http://www.chemistwarehouse.com.au/category.asp?id=810&perPage=120&sortby=;Elastoplast
http://www.chemistwarehouse.com.au/category.asp?id=1146&perPage=120&sortby=;Leuko
http://www.chemistwarehouse.com.au/category.asp?id=807&perPage=120&sortby=;Oapl
http://www.chemistwarehouse.com.au/category.asp?id=814&perPage=120&sortby=;Thermometers
http://www.chemistwarehouse.com.au/category.asp?id=694&perPage=120&sortby=;Confectionery
http://www.chemistwarehouse.com.au/category.asp?id=1053&perPage=120&sortby=;Samples
